"id";"name";"username";"password";"dob"
"001";"Satish Pal";"satish.pal.2996@gmail.com";"Satish@123";"1996-06-29 11:00:00"
"002";"Karan Shekhawat";"karanShekhawat@gmail.com";"Karan@123";"1996-04-05 10:00:00"
"003";"Jitu Noutiyal";"JituNoutiyal@123";"Jitu@123";"1996-11-07 09:00:00"
"004";"Chetan Raut";"ChetanRaut@gmail.com";"Chetan@123";"1995-08-15 08:00:00"
"005";"Prince Vishwakarma";"PrinceVishwakarma@gmail.com";"Prince@123";"1997-04-19 07:00:00"
